"Keywords","Average Searches","Average Clicks","CTR","Competition","KD","Tag Occurrences","Character Count","Google Searches"
"frame tv art",2933,3121,106,175275,"89","70","12",3600
"samsung frame tv art",1388,1297,93,144080,"100","60","20",880
"christmas frame tv art",583,565,97,33766,"88","0","22",320
"spring frame tv art",506,507,100,25746,"85","8","19","N/A"
"summer frame tv art",444,510,115,20920,"84","3","19",40
"frame tv art spring",405,403,100,26418,"91","6","19",10
"fall frame tv art",399,395,99,23517,"89","3","17",140
"frame tv art summer",333,349,105,18574,"87","3","19",10
"winter frame tv art",304,300,99,28631,"99","2","19","N/A"
"frame tv art fall",302,300,99,23486,"95","0","17","N/A"
"frame tv art christmas",302,300,99,32326,"100","0","22","N/A"
"frame tv art architecture",212,0,0,7387,"77","0","25",0
"the frame tv art",208,201,97,168410,"100","6","16",70
"frame tv art halloween",208,200,96,17166,"96","0","22","N/A"
"holiday frame tv art",204,204,100,21561,"100","0","20","N/A"
"thanksgiving frame tv art",203,199,98,6745,"76","0","25",70
"frame tv art winter",203,199,98,28743,"100","0","19","N/A"
"halloween frame tv art",202,200,99,17119,"96","0","22","N/A"
"santa frame tv art",201,200,100,5287,"71","1","18","N/A"
"easter frame tv art",200,198,99,8230,"81","3","19","N/A"
"valentines frame tv art",193,186,96,4660,"69","0","23","N/A"
"frame tv art download",107,101,94,114677,"100","0","21","N/A"
"frame tv art thanksgiving",102,100,98,6452,"90","0","25","N/A"
"valentine frame tv art",98,96,98,4618,"84","0","22","N/A"
"neutral frame tv art",98,82,84,21493,"100","1","20","N/A"
"autumn frame tv art",98,95,97,19308,"100","0","19","N/A"
"frame tv art easter",44,64,145,7392,"100","0","19","N/A"
"portrait frame tv art",43,0,0,11536,"100","0","21","N/A"
"frame tv art 80s",33,28,85,226,"42","0","16","N/A"
"frame tv art landscape",28,29,104,79410,"100","0","22",0
"frame tv art mockup",28,33,118,884,"75","0","19",0
"disney frame tv art",20,26,130,301,"59","0","19","N/A"
"samsung frame tv art christmas",204,200,98,20024,"100","0","30",10
"vintage christmas frame tv art",198,196,99,13125,"91","0","30","N/A"
"frame tv art redwoods painting",127,189,149,13,"1","0","30","N/A"
"vintage santa frame tv art",101,100,99,1993,"65","0","26","N/A"
"christmas frame tv art set",100,99,99,2653,"71","0","26","N/A"
"valentines day frame tv art",100,97,97,4149,"81","0","27","N/A"
"christmas samsung frame tv art",100,97,97,21099,"100","0","30","N/A"
"new years frame tv art",96,94,98,544,"38","0","22","N/A"
"fall samsung frame tv art",94,93,99,20104,"100","0","25","N/A"
"4th of july frame tv art",97,94,97,1237,"55","0","24",30
"christmas trees samsung frame tv art",93,0,0,0,"","0","36","N/A"
"fall landscape frame tv art mountain",26,39,150,915,"77","0","36","N/A"
"frame tv frame",1592,1550,97,166045,"100","1","14",1300
"frame tv",1115,1163,104,176869,"100","3","8",90500
"tv frame art",1018,1064,105,175323,"100","6","12",3600
"art frame tv",4,0,0,170211,"100","3","12","N/A"
"tv art frame",3,0,0,175709,"100","1","12","N/A"
"tv art",1363,1288,94,289055,"100","9","6",880
"art tv",5,1,20,275008,"100","5","6",5400
"frame tv frames",1228,1235,101,2938,"19","1","15",90500
"frame tv christmas",335,315,94,32580,"99","2","18",30
"frame tv artwork",309,257,83,36799,"100","3","16",3600
"christmas frame tv",302,300,99,33476,"100","1","18","N/A"
"samsung frame tv",283,350,124,144285,"100","27","16",74000
"spring frame tv",100,95,95,26521,"100","1","15","N/A"
"frame tv easter",99,97,98,8184,"96","2","15","N/A"
"landscape frame tv",7,0,0,74267,"100","3","18","N/A"
"the frame tv",8,1,13,161284,"100","1","12","N/A"
"frame tv spring",6,1,17,29425,"100","3","15","N/A"
"frame tv download",6,1,17,116919,"100","1","17","N/A"
"frame tv birthday",5,1,20,9217,"100","2","17","N/A"
"abstract frame tv",3,0,0,33502,"100","2","17","N/A"
"frame tv background",3,0,0,5123,"100","2","19",140
"birthday frame tv",3,0,0,9371,"100","2","17","N/A"
"summer frame tv",3,0,0,23037,"100","2","15",0
"lg frame tv",3,0,0,15288,"100","2","11","N/A"
"floral frame tv",2,0,0,23379,"100","1","15","N/A"
"hydrangea frame tv",2,0,0,1238,"100","1","18","N/A"
"autumn frame tv",2,0,0,19611,"100","1","15","N/A"
"frame tv bunny",2,0,0,3119,"100","1","14","N/A"
"frame tv watercolor",2,0,0,11432,"100","1","19","N/A"
"holiday frame tv",2,0,0,23794,"100","1","16","N/A"
"frame tv abstract",3,0,0,39591,"100","1","17","N/A"
"frame tv holiday",2,0,0,23093,"100","1","16","N/A"
"watercolor frame tv",2,0,0,10125,"100","1","19","N/A"
"frame tv neutral",1,0,0,21434,"100","3","16","N/A"
"vintage frame tv",1,0,0,74421,"100","3","16","N/A"
"frame tv celebration",1,0,0,1591,"100","2","20","N/A"
"frame tv vintage",1,0,0,74407,"100","2","16","N/A"
"neutral frame tv",1,0,0,20418,"100","1","16","N/A"
"frame tv painting",1,0,0,88979,"100","1","17","N/A"
"frame tv decor",1,0,0,170053,"100","1","14","N/A"
"cherry tv frame",1,0,0,1252,"100","1","15","N/A"
"bestseller frame tv",1,0,0,367,"100","1","19","N/A"
"frame tv magnolia",1,0,0,0,"","1","17","N/A"
"farmhouse frame tv",1,0,0,43277,"100","1","18","N/A"
"frame tv modern",0,0,0,30318,"","3","15","N/A"
"frame tv minimal",0,0,0,3829,"","3","16","N/A"
"botanical frame tv",0,0,0,9473,"","3","18","N/A"
"valentine frame tv",0,0,0,7834,"","3","18","N/A"
"nature frame tv",0,0,0,15394,"","2","15","N/A"
"4k frame tv",0,0,0,21324,"","2","11","N/A"
"frame tv screensaver",0,0,0,12934,"","2","20","N/A"
"frame tv boho",0,0,0,6062,"","2","13","N/A"
"frame tv natural",0,0,0,1242,"","2","16","N/A"
"christian frame tv",0,0,0,2472,"","1","18","N/A"
"frame tv pastel",0,0,0,7054,"","1","15","N/A"
"frame tv celebrate",0,0,0,275,"","1","18","N/A"
"frame tv balloon",0,0,0,761,"","1","16","N/A"
"frame tv happy",0,0,0,5315,"","1","14","N/A"
"frame tv unicorns",0,0,0,110,"","1","17","N/A"
"landscape  frame tv",0,0,0,0,"","1","19","N/A"
"frame tv cottagecore",0,0,0,8277,"","1","20","N/A"
"frame tv eclectic",0,0,0,5144,"","1","17","N/A"
"frame tv feminine",0,0,0,277,"","1","17","N/A"
"frame tv romantic",0,0,0,2145,"","1","17","N/A"
"frame tv cubism",0,0,0,0,"","1","15","N/A"
"decorator frame tv",0,0,0,42,"","1","18","N/A"
"minimalist frame tv",0,0,0,14580,"","1","19","N/A"
"cityscape frame tv",0,0,0,7868,"","1","18","N/A"
"frame tv colourful",0,0,0,861,"","1","18","N/A"
"japandi frame tv",0,0,0,896,"","1","16","N/A"
"aesthetic frame tv",0,0,0,6365,"","1","18","N/A"
"minimal frame tv",0,0,0,3591,"","1","16","N/A"
"wildflower frame tv",0,0,0,10075,"","1","19","N/A"
"frame tv angel",0,0,0,0,"","1","14","N/A"
"frame tv ink",0,0,0,613,"","1","12","N/A"
"shamrock frame tv",0,0,0,732,"","1","17","N/A"
"irish frame tv",0,0,0,754,"","1","14","N/A"
"art for frame tv",294,286,97,174614,"100","5","16",320
"frame tv fall art",85,0,0,20385,"100","1","17","N/A"
"kids frame tv art",17,20,118,15574,"100","1","17",0
"frame tv art modern",8,1,13,27449,"100","1","19",10
"frame tv art bundle",8,1,13,8401,"100","1","19",0
"vintage frame tv art",7,1,14,77300,"100","4","20",20
"moody frame tv art",5,1,20,15494,"100","1","18","N/A"
"bird frame tv art",5,1,20,3384,"100","1","17","N/A"
"frame tv digital art",4,0,0,160268,"100","3","20","N/A"
"frame tv art floral",4,0,0,23368,"100","2","19","N/A"
"frame tv art coastal",4,0,0,11123,"100","1","20",0
"floral frame tv art",3,0,0,23245,"100","4","19","N/A"
"jesus frame tv art",3,0,0,1840,"100","3","18","N/A"
"frame tv art beach",3,0,0,13838,"100","3","18","N/A"
"frame tv art vintage",3,0,0,70568,"100","3","20",10
"frame tv art 4k",3,0,0,21043,"100","2","15",50
"frame tv art deco",3,0,0,5096,"100","1","17","N/A"
"frame tv autumn art",3,0,0,13144,"100","1","19","N/A"
"funky frame tv art",3,0,0,130,"82","1","18","N/A"
"flower frame tv art",3,0,0,32492,"100","1","19","N/A"
"frame tv art pink",3,0,0,15074,"100","1","17","N/A"
"monet frame tv art",3,0,0,1704,"100","1","18","N/A"
"frame tv vintage art",3,0,0,73158,"100","1","20",10
"green frame tv art",3,0,0,21799,"100","1","18","N/A"
"art for tv frame",2,0,0,160584,"100","3","16",10
"frame tv art cottage",1,0,0,7496,"100","2","20","N/A"
"frame tv art set",2,0,0,10442,"100","2","16","N/A"
"frame tv art retro",2,0,0,4006,"100","2","18","N/A"
"frame tv art ocean",1,0,0,7316,"100","1","18","N/A"
"frame tv art digital",2,0,0,166835,"100","1","20","N/A"
"frame tv art fruit",1,0,0,1152,"100","1","18","N/A"
"peach frame tv art",1,0,0,469,"100","1","18","N/A"
"cat frame tv art",1,0,0,2295,"100","1","16","N/A"
"frame tv art cute",1,0,0,6156,"100","1","17","N/A"
"frame tv art bunny",1,0,0,2480,"100","1","18",0
"bunny frame tv art",2,0,0,2367,"100","1","18","N/A"
"dog frame tv art",1,0,0,1893,"100","1","16","N/A"
"jesus tv frame art",2,0,0,0,"","1","18","N/A"
"frame tv art jesus",2,0,0,1771,"100","1","18","N/A"
"boho frame tv art",1,0,0,5998,"100","1","17","N/A"
"digital art frame tv",0,0,0,167910,"","4","20","N/A"
"digital tv frame art",0,0,0,162413,"","3","20","N/A"
"frame tv forest art",0,0,0,8981,"","2","19","N/A"
"frame tv animals art",0,0,0,17811,"","2","20","N/A"
"dark frame tv art",0,0,0,9260,"","2","17","N/A"
"3d frame tv art",0,0,0,4153,"","2","15","N/A"
"country frame tv art",0,0,0,32902,"","2","20","N/A"
"art nouveau frame tv",0,0,0,697,"","1","20","N/A"
"modert art frame tv",0,0,0,0,"","1","19","N/A"
"frame tv ratio art",0,0,0,0,"","1","18","N/A"
"frame tv art lemon",0,0,0,568,"","1","18","N/A"
"frame tv display art",0,0,0,5383,"","1","20","N/A"
"frame tv art nouveau",0,0,0,704,"","1","20","N/A"
"frame tv art inspo",0,0,0,0,"","1","18","N/A"
"frame tv art cool",0,0,0,1240,"","1","17","N/A"
"cubism frame tv art",0,0,0,104,"","1","19","N/A"
"frame tv art bunnies",0,0,0,2680,"","1","20","N/A"
"party frame tv art",0,0,0,4857,"","1","18","N/A"
"frame tv kitchen art",0,0,0,0,"","1","20","N/A"
"rustic frame tv art",0,0,0,21889,"","1","19","N/A"
"olive frame tv art",0,0,0,0,"","1","18","N/A"
"frame tv art trendy",0,0,0,2312,"","1","19","N/A"
"frame tv art party",0,0,0,5008,"","1","18","N/A"
"nursery frame tv art",0,0,0,9719,"","1","20","N/A"
"samsung frame",1208,1214,100,145857,"100","8","13",12100
"frame tvart",0,0,0,637,"","1","11","N/A"
"samsung frame art",1223,1233,101,144672,"100","9","17",480
"christmas frame art",101,100,99,187603,"100","1","19","N/A"
"samsung art frame",3,0,0,136335,"100","5","17","N/A"
"digital frame art",1,0,0,510449,"100","2","17","N/A"
"amsterdam frame art",0,0,0,0,"","1","19","N/A"
"digital art frame",0,0,0,520973,"","1","17","N/A"
"st patricks frame tv",3,0,0,1310,"100","1","20","N/A"
"frame tv still life",2,0,0,5183,"100","1","19","N/A"
"baby shower frame tv",1,0,0,610,"100","1","20","N/A"
"santa claus frame tv",0,0,0,2413,"","1","20","N/A"
"art nouveau tv art",0,0,0,1173,"","2","18","N/A"
"samsung tv art",388,357,92,144547,"100","8","14",390
"christmas tv art",206,200,97,48681,"100","3","16",90
"spring tv art",205,200,98,32154,"100","2","13",10
"winter tv art",103,100,97,28739,"100","1","13","N/A"
"thanksgiving tv art",101,100,99,7736,"94","1","19","N/A"
"tv wall art",9,1,11,253267,"100","2","11",480
"digital tv art",8,1,13,235714,"100","9","14",10
"framed tv art",8,1,13,175500,"100","2","13",3600
"hisense tv art",8,1,13,3402,"100","1","14","N/A"
"smart tv art",7,1,14,8769,"100","3","12",30
"4k samsung frame art",7,1,14,21021,"100","1","20","N/A"
"tv art download",6,1,17,131999,"100","1","15","N/A"
"fall tv art",5,1,20,24028,"100","2","11","N/A"
"modern tv art",5,1,20,35501,"100","1","13",10
"tv art bundle",5,1,20,12046,"100","1","13",0
"art for tv",4,0,0,275344,"100","5","10","N/A"
"vintage tv art",4,0,0,104907,"100","1","14","N/A"
"4k tv art",3,0,0,21768,"100","5","9","N/A"
"summer tv art",3,0,0,23673,"100","3","13",10
"landscape tv art",3,0,0,75784,"100","3","16",0
"birthday tv art",3,0,0,23973,"100","2","15","N/A"
"abstract tv art",3,0,0,36614,"100","2","15","N/A"
"neutral tv art",3,0,0,24521,"100","2","14","N/A"
"tv art abstract",3,0,0,41145,"100","1","15","N/A"
"moody tv art",3,0,0,15223,"100","1","12","N/A"
"samsung art tv",2,0,0,136213,"100","3","14",4400
"christian tv art",2,0,0,3639,"100","2","16","N/A"
"tv art thanksgiving",2,0,0,7143,"100","1","19","N/A"
"holiday tv art",2,0,0,26596,"100","1","14","N/A"
"downloadable tv art",2,0,0,15133,"100","1","19",0
"lg tv art",1,0,0,12900,"100","7","9","N/A"
"impressionist tv art",1,0,0,3968,"100","3","20","N/A"
"tv art landscape",1,0,0,74916,"100","3","16","N/A"
"renoir tv art",1,0,0,180,"100","2","13","N/A"
"floral tv art",1,0,0,24515,"100","2","13","N/A"
"rabbit tv art",1,0,0,3008,"100","1","13","N/A"
"ocean tv art",1,0,0,7663,"100","1","12","N/A"
"mediterranean tv art",1,0,0,614,"100","1","20","N/A"
"digital art tv",1,0,0,235101,"100","1","14","N/A"
"rustic tv art",1,0,0,24143,"100","1","13","N/A"
"tv art floral",1,0,0,25552,"100","1","13","N/A"
"nature tv art",0,0,0,15889,"","4","13","N/A"
"dancing tv art",0,0,0,0,"","2","14","N/A"
"unique tv art",0,0,0,6269,"","2","13","N/A"
"moody art tv",0,0,0,0,"","2","12","N/A"
"religious tv art",0,0,0,5893,"","2","16","N/A"
"love tv art",0,0,0,16537,"","2","11","N/A"
"tv art tapestry",0,0,0,0,"","1","15","N/A"
"embroidery tv art",0,0,0,1364,"","1","17","N/A"
"hamptons tv art",0,0,0,98,"","1","15","N/A"
"coastal tv art",0,0,0,11449,"","1","14",0
"tv digital art",0,0,0,222337,"","1","14","N/A"
"rural tv art",0,0,0,1180,"","1","12","N/A"
"beautiful tv art",0,0,0,3276,"","1","16","N/A"
"art deco tv",0,0,0,10853,"","1","11","N/A"
"art for the frame",0,0,0,1348532,"","1","17","N/A"
"catholic tv art",0,0,0,536,"","1","15","N/A"
"woodland tv art",0,0,0,1367,"","1","15","N/A"
"tv cheerful art",0,0,0,355,"","1","15","N/A"
"contemporary tv art",0,0,0,16610,"","1","19","N/A"
"pretty tv art",0,0,0,925,"","1","13","N/A"
"tv art christian",0,0,0,3242,"","1","16","N/A"
"beige tv art",0,0,0,22421,"","1","12","N/A"
"tv art decor",0,0,0,246038,"","1","12","N/A"
"angel tv art",0,0,0,818,"","1","12","N/A"
"meditation tv art",0,0,0,0,"","1","17","N/A"
"yoga tv art",0,0,0,116,"","1","11","N/A"
"tv art farmhouse",0,0,0,41634,"","1","16","N/A"
"samsung the frame",113,108,96,136611,"100","4","17",14800
"valentines day frame",3,0,0,47564,"100","1","20","N/A"
"samsung frame summer",1,0,0,18368,"100","1","20","N/A"
"the frame mountain",0,0,0,0,"","1","18","N/A"
"samsung frame tvart",0,0,0,0,"","1","19","N/A"
"vintage frame tvart",0,0,0,385,"","1","19","N/A"
"tv background",83,121,146,7349,"97","1","13","N/A"
"tv screensaver",10,5,50,17772,"100","3","14",1000
"tv wallpaper",3,0,0,14327,"100","3","12","N/A"
"tv picture",2,0,0,13081,"100","1","10","N/A"
"samsung tv",1,0,0,140379,"100","4","10","N/A"
"smart tv",1,0,0,9561,"100","1","8","N/A"
"tv download",1,0,0,148974,"100","1","11","N/A"
"boho tv",0,0,0,9733,"","1","7","N/A"
"samsungframe tv",0,0,0,0,"","1","15","N/A"
"artfulframe tv",0,0,0,0,"","1","14","N/A"
"tv artful",0,0,0,0,"","1","9","N/A"
"tv backdrop",0,0,0,2055,"","1","11","N/A"
"digital art for tv",4,0,0,235100,"100","5","18",110
"digital tv art print",0,0,0,185020,"","3","20","N/A"
"kids birthday tv art",0,0,0,9561,"","2","20","N/A"
"gold tones tv art",0,0,0,0,"","1","17","N/A"
"tv wall art digital",0,0,0,240874,"","1","19","N/A"
"dark flower tv art",0,0,0,2445,"","1","18","N/A"
"screen saver tv art",0,0,0,1421,"","1","19","N/A"
"earth tones tv art",0,0,0,1054,"","1","18","N/A"
"canal houses tv art",0,0,0,0,"","1","19","N/A"
"european city tv art",0,0,0,0,"","1","20","N/A"
"rustic summer tv art",0,0,0,3057,"","1","20","N/A"
"fruit bowl tv art",0,0,0,0,"","1","17","N/A"
"rustic moody tv art",0,0,0,0,"","1","19","N/A"
"digital tv art retro",0,0,0,11924,"","1","20","N/A"
"fall vintage tv art",0,0,0,8811,"","1","19","N/A"
"fall art for tv",0,0,0,18888,"","1","15","N/A"
"tv art 16 9",0,0,0,0,"","1","11","N/A"
"digital party tv art",0,0,0,0,"","1","20","N/A"
"kids party tv art",0,0,0,0,"","1","17","N/A"
"tv art fall nature",0,0,0,0,"","1","18","N/A"
"digital tv art beach",0,0,0,14452,"","1","20","N/A"
"olive vase tv art",0,0,0,0,"","1","17","N/A"
"art for vizio tv",0,0,0,178,"","1","16","N/A"
"tv art still life",0,0,0,5386,"","1","17","N/A"
"samsung tv art jesus",0,0,0,1860,"","1","20","N/A"
"framed tv art jesus",0,0,0,0,"","1","19","N/A"
"tcl nxtframe tv art",0,0,0,520,"","1","19","N/A"
"fine art tv screen",0,0,0,0,"","1","18","N/A"
"digital tv wall art",0,0,0,228968,"","1","19","N/A"
"birthday tv art kids",0,0,0,0,"","1","20","N/A"
"wall art",59846,70552,118,15248319,"100","1","8",90500
"digital art",8484,9864,116,12396252,"100","9","11",27100
"abstract art",3713,4079,110,1615168,"100","1","12",110000
"printable art",3335,3294,99,3411817,"100","1","13",5400
"vintage art",2298,2219,97,5280723,"100","6","11",5400
"modern art",1658,1527,92,1680753,"100","1","10",40500
"downloadable art",1233,1215,99,307266,"100","2","16",320
"horse art",1124,1165,104,201504,"100","1","9","N/A"
"landscape art",1112,1102,99,1598676,"100","1","13",9900
"christmas art",1077,1051,98,3187332,"100","1","13",9900
"boho art",819,883,108,1000777,"100","1","8",1900
"minimalist art",598,596,100,1262930,"100","1","14",4400
"cottagecore art",334,386,116,367699,"100","3","15",480
"romantic art",368,537,146,218739,"100","1","12",14800
"nature art",311,311,100,1130759,"100","1","10",4400
"embroidered art",144,198,138,86544,"100","1","15",2400
"holiday art",103,98,95,1292037,"100","1","11","N/A"
"scandinavian art",130,126,97,110357,"100","1","16",1300
"impressionist art",18,12,67,126147,"100","4","17",27100
"samsung art",6,1,17,170954,"100","4","11",480
"famous art",3,0,0,101352,"100","3","10",33100
"neutral art",8,1,13,813676,"100","1","11",880
"white art",2,0,0,3513267,"100","1","9","N/A"
"display art",1,0,0,226018,"100","1","11","N/A"
"countryside art",2,0,0,70882,"100","1","15","N/A"
"tonal art",0,0,0,8369,"","1","9","N/A"
"summer art",16,11,69,642204,"100","1","10",1900
"woman art",8,1,13,1813382,"100","1","9",1300
"cycle art",0,0,0,0,"","1","9","N/A"
"art bundle",7,1,14,1208952,"100","1","10","N/A"
"citrus art",4,0,0,23498,"100","1","10",140
"book art",0,0,0,630747,"","1","8",5400
"minimal art",12,0,0,245052,"100","1","11","N/A"
"art display",8,1,13,259444,"100","1","11",1300
"dutch art",6,1,17,31845,"100","1","9","N/A"
"hisense canvas tv",8,1,13,1505,"100","1","17","N/A"
"samsung tv artful",0,0,0,0,"","3","17","N/A"
"antique farmhouse tv",0,0,0,5870,"","2","20","N/A"
"valentines day tv",0,0,0,7410,"","2","17","N/A"
"4k tv artwork",0,0,0,6761,"","1","13","N/A"
"neutral village tv",0,0,0,487,"","1","18","N/A"
"samsung tv wallpaper",0,0,0,12767,"","1","20","N/A"
"nature tv artwork",0,0,0,3518,"","1","17","N/A"
"tv george barbier",0,0,0,0,"","1","17","N/A"
"dark academia tv",0,0,0,3746,"","1","16","N/A"
"cubist tv painting",0,0,0,0,"","1","18","N/A"
"digital tv artwork",0,0,0,37080,"","1","18","N/A"
"starry night tv",0,0,0,561,"","1","15","N/A"
"image for tv",0,0,0,19546,"","1","12","N/A"
"tv acrylic painting",0,0,0,3028,"","1","19","N/A"
"neutral tv decor",0,0,0,21117,"","1","16","N/A"
"christmas morning tv",0,0,0,0,"","1","20","N/A"
"still life tv",0,0,0,5378,"","1","13","N/A"
"surreal tv artwork",0,0,0,0,"","1","18","N/A"
"luxury digital tv",0,0,0,0,"","1","17","N/A"
"roku tv christmas",0,0,0,341,"","1","17","N/A"
"samsung tv angel",0,0,0,0,"","1","16","N/A"
"happy birthday tv",0,0,0,3141,"","1","17","N/A"
"kids birthday tv",0,0,0,13885,"","1","16","N/A"
"birthday party tv",0,0,0,12298,"","1","17","N/A"
"samsung tv summer",0,0,0,20196,"","1","17","N/A"
"vintage shamrock tv",0,0,0,0,"","1","19","N/A"
"digital wall art",5818,6905,119,10477524,"100","2","16",480
"christian wall art",5741,6473,113,442035,"94","2","18",6600
"nursery wall art",4529,4987,110,1218747,"100","1","16",2400
"unique wall art",2136,2269,106,542124,"100","1","15",3600
"minimalist wall art",1832,1859,101,1086378,"100","5","19",3600
"floral wall art",1663,1608,97,997355,"100","1","15",1900
"botanical wall art",1570,1611,103,433774,"100","2","18",1300
"scripture wall art",1559,1505,97,172881,"100","1","18",1900
"moody wall art",1494,1501,100,193261,"100","1","14",1300
"green wall art",1488,1532,103,1220879,"100","1","14",2400
"digital download art",1419,1414,100,6350493,"100","5","20",210
"kids wall art",1393,1392,100,1954338,"100","1","13",0
"jesus wall art",1384,1391,101,220271,"100","1","14",1900
"beach wall art",1360,1359,100,637024,"100","1","14",2400
"landscape wall art",1195,1183,99,1463537,"100","1","18",1900
"farmhouse wall art",1173,1258,107,748636,"100","1","18",1300
"living room art",1136,1102,97,4504927,"100","2","15",9900
"bar cart art",1090,1088,100,64667,"89","1","12",260
"dark academia art",1005,1005,100,119223,"100","2","17",880
"religious wall art",949,1000,105,442310,"100","1","18",880
"wall art digital",899,1049,117,10461271,"100","2","16",480
"vintage nursery art",883,878,99,211912,"100","1","19",320
"digital art print",850,883,104,7379573,"100","3","17",590
"neutral wall art",781,764,98,378591,"100","1","16",1900
"rustic wall art",507,528,104,654859,"100","2","15",1000
"vintage horse art",495,488,99,53494,"100","1","17",260
"cottagecore wall art",411,411,100,256045,"100","1","20",260
"california wall art",308,354,115,104217,"100","1","19",260
"pastel wall art",246,255,104,301118,"100","1","15",320
"wall art download",202,193,96,4951804,"100","1","17",110
"sunset wall art",201,192,96,199715,"100","1","15",390
"gold wall art",158,137,87,459447,"100","1","13",1600
"original wall art",144,157,109,690885,"100","1","17",260
"valentines day art",104,100,96,474481,"100","1","18","N/A"
"christmas tree art",102,97,95,447378,"100","1","18","N/A"
"folk art decor",90,1,1,157818,"100","1","14",140
"meadow flowers art",43,64,149,28053,"100","1","18","N/A"
"antique floral art",19,12,63,83057,"100","2","18","N/A"
"antique white art",14,14,100,150944,"100","3","17",20
"ocean wave art",9,1,11,72017,"100","1","14",480
"garden wall art",10,1,10,273305,"100","1","15",480
"lotus wall art",10,1,10,20559,"100","1","14",320
"jesus christ art",9,1,11,63808,"100","1","16",1900
"abstract floral art",9,1,11,150236,"100","1","19",390
"meadow wall art",5,1,20,48402,"100","3","15",50
"little girl art",6,1,17,67325,"100","2","15",0
"oil painting art",4,0,0,451330,"100","2","16","N/A"
"happy birthday art",3,0,0,84765,"100","2","18",1600
"custom name art",5,1,20,251586,"100","2","15","N/A"
"nature digital art",3,0,0,447118,"100","1","18","N/A"
"forest landscape art",3,0,0,133346,"100","1","20",390
"rustic farmhouse art",7,1,14,300756,"100","1","20",2900
"virgin mary art",8,1,13,24752,"100","1","15",1600
"prayer wall art",7,1,14,63450,"100","1","15",90
"vintage fruit art",5,1,20,47993,"100","1","17",70
"instant download art",6,1,17,1906901,"100","1","20",10
"rustic horse art",3,0,0,21619,"100","1","16","N/A"
"diy wall art",6,1,17,320504,"100","1","12",1900
"chanel wall art",7,1,14,2115,"100","1","15",590
"van gogh art",4,0,0,49395,"100","1","12",6600
"rustic kitchen art",3,0,0,240885,"100","1","18","N/A"
"cowgirl digital art",3,0,0,73886,"100","1","19","N/A"
"western digital art",7,1,14,260907,"100","1","19","N/A"
"daisy wall art",8,1,13,62996,"100","1","14",320
"moody landscape art",8,1,13,73379,"100","1","19",320
"vintage aviation art",3,0,0,7545,"100","1","20",90
"hisense canvas art",8,1,13,1475,"100","1","18",30
"spring digital art",5,1,20,295177,"100","1","18","N/A"
"dark cottagecore art",8,1,13,55201,"100","1","20",110
"dark floral art",8,1,13,58153,"100","1","15","N/A"
"screen display art",0,0,0,0,"","3","18","N/A"
"white floral art",0,0,0,259405,"","2","16","N/A"
"floral meadow art",0,0,0,19385,"","2","17","N/A"
"party sign art",0,0,0,0,"","2","14","N/A"
"blue ocean art",2,0,0,167948,"100","1","14","N/A"
"cozy cabin art",2,0,0,20433,"100","1","14","N/A"
"vintage spring art",2,0,0,110657,"100","1","18","N/A"
"religious decor art",0,0,0,407255,"","1","19","N/A"
"samsung art download",0,0,0,110936,"","1","20","N/A"
"art for samsung",0,0,0,184579,"","1","15","N/A"
"line art digital",2,0,0,173380,"100","1","16","N/A"
"rustic meadow art",0,0,0,8650,"","1","17","N/A"
"spring river art",0,0,0,3572,"","1","16","N/A"
"dutch cityscape art",0,0,0,2650,"","1","19","N/A"
"winter city art",0,0,0,5060,"","1","15","N/A"
"cypresses art print",0,0,0,0,"","1","19","N/A"
"4k art download",0,0,0,22382,"","1","15","N/A"
"art mode download",0,0,0,0,"","1","17","N/A"
"vintage autumn art",2,0,0,90038,"100","1","18","N/A"
"instant access art",0,0,0,4696,"","1","18","N/A"
"digital art download",0,0,0,6343808,"","1","20",140
"festive wall art",0,0,0,241324,"","1","16","N/A"
"easter bunny art",2,0,0,195105,"100","1","16","N/A"
"puppy birthday art",0,0,0,0,"","1","18","N/A"
"balloons wall art",0,0,0,40988,"","1","17","N/A"
"flower painting art",1,0,0,341709,"100","1","19","N/A"
"trendy modern art",0,0,0,96650,"","1","17","N/A"
"holiday lover art",0,0,0,0,"","1","17","N/A"
"textured digital art",1,0,0,143955,"100","1","20","N/A"
"digital display art",0,0,0,46140,"","1","19","N/A"
"picture study art",0,0,0,0,"","1","17","N/A"
"homeschool art study",0,0,0,0,"","1","20","N/A"
"earthy organic art",0,0,0,2521,"","1","18","N/A"
"luxury screen art",0,0,0,0,"","1","17","N/A"
"symbolic wall art",0,0,0,9165,"","1","17","N/A"
"airship nursery art",0,0,0,81,"","1","19","N/A"
"flower field art",1,0,0,48437,"100","1","16","N/A"
"cute birthday art",0,0,0,144115,"","1","17","N/A"
"muted tonal art",0,0,0,6751,"","1","15","N/A"
"waves art prints",1,0,0,57676,"100","1","16","N/A"
"abstract summer art",0,0,0,34119,"","1","19","N/A"
"fine art wallpaper",2,0,0,1864,"100","1","18","N/A"
"lucky clover art",0,0,0,26756,"","1","16","N/A"
"spring clover art",0,0,0,0,"","1","17","N/A"
"lucky shamrock art",0,0,0,34947,"","1","18","N/A"
"bible verse wall art",1746,1784,102,221795,"100","1","20",1600
"black and white art",788,747,95,1477284,"100","1","19",6600
"3d textured wall art",4,0,0,14780,"100","1","20",720
"moody fall wall art",3,0,0,23518,"100","1","19",20
"olive still life art",1,0,0,0,"","1","20","N/A"
"digital art van gogh",0,0,0,18273,"","1","20","N/A"
"home decor",38412,39329,102,24385803,"100","2","10",165000
"wall decor",22771,25076,110,16572292,"100","1","10",49500
"digital download",15341,18448,120,8592990,"100","19","16",2900
"thanksgiving",6978,9647,138,1214542,"100","2","12",823000
"cottagecore",6382,7553,118,797998,"100","1","11",60500
"oil painting",6110,6789,111,465750,"94","10","12",33100
"christmas gift",6098,6788,111,7614738,"100","1","14",90500
"highland cow",4705,6240,133,136713,"73","1","12",368000
"ocean",4222,5687,135,995630,"100","1","5",450000
"farmhouse decor",2977,2850,96,1587806,"100","6","15",9900
"dune",2785,3327,119,23360,"46","1","4",301000
"watercolor painting",2669,2589,97,496862,"100","1","19",90500
"turkey",2637,3327,126,260352,"100","1","6",823000
"desktop wallpaper",2618,2762,106,27513,"51","3","17",49500
"living room decor",2515,2642,105,5645362,"100","2","17",14800
"vintage christmas",2052,1956,95,1993255,"100","1","17",12100
"baby shower decor",1981,2030,102,792803,"100","1","17",0
"cottagecore decor",1922,1959,102,427700,"100","3","17",2900
"coastal decor",1818,1853,102,617276,"100","1","13",6600
"landscape painting",1458,1683,115,617727,"100","2","18",22200
"easter decor",1313,1293,98,435543,"100","1","12",22200
"coastal wall decor",1278,1289,101,463545,"100","1","18",2400
"independence day",1222,1149,94,522902,"100","1","16",301000
"monet print",1132,1278,113,22195,"65","1","11",390
"antique oil painting",1125,1163,103,59555,"86","1","20",2400
"vintage painting",1069,1009,94,642269,"100","4","16",1000
"memorial day",1047,1020,97,180069,"100","1","12",550000
"rustic home decor",998,1099,110,1248042,"100","2","17",3600
"cat painting",993,1142,115,82825,"96","1","12",6600
"christian home decor",954,1061,111,533723,"100","1","20",1600
"spring decor",927,1007,109,576252,"100","2","12","N/A"
"watercolor landscape",943,1161,123,230808,"100","2","20",8100
"welcome baby sign",909,905,100,69289,"94","1","17",0
"san francisco",813,891,110,54059,"91","1","13",1000000
"summer decor",812,764,94,653223,"100","1","12",2900
"samsung",767,822,107,344212,"100","3","7",1220000
"christian decor",759,754,99,556576,"100","1","15",1300
"coastal artwork",703,713,101,72986,"100","1","15",3600
"animals",642,661,103,4820002,"100","1","7","N/A"
"rustic decor",658,658,100,1344038,"100","1","12",3600
"instant download",625,827,132,3673189,"100","23","16",260
"picasso",604,666,110,48624,"95","3","7",246000
"bar cart prints",633,643,102,61518,"99","1","15",170
"modern decor",547,563,103,1904467,"100","1","12",5400
"jesus painting",531,634,119,42020,"95","1","14",22200
"germany",543,672,124,325646,"100","1","7",550000
"bedroom",437,636,146,5144045,"100","1","7",110000
"north prints",377,234,62,56774,"100","3","12",70
"tropical",374,294,79,1211792,"100","1","8",74000
"digital artwork",309,300,97,688030,"100","2","15",27100
"antique painting",241,273,113,139693,"100","2","16",1000
"catholic home decor",238,296,124,105682,"100","1","19",1900
"ocean painting",199,191,96,108377,"100","1","14",5400
"united states",210,123,59,115528,"100","1","13",1000000
"cute cat",163,224,137,505407,"100","1","8","N/A"
"coastal poster",155,222,143,120641,"100","1","14",320
"colorful",115,90,78,1955344,"100","3","8",27100
"happy thanksgiving",113,69,61,69593,"100","1","18","N/A"
"wildflower painting",108,101,94,56070,"100","1","19",2400
"van gogh print",104,97,93,29938,"100","1","14",1300
"charlotte mason",102,98,96,8225,"95","1","15","N/A"
"elegant home decor",130,0,0,346745,"100","1","18","N/A"
"beach wallpaper",105,96,91,11270,"100","1","15",27100
"slideshow",90,35,39,3643,"80","3","9",135000
"cologne cathedral",88,0,0,313,"28","1","17","N/A"
"claude monet",59,76,129,17935,"100","1","12",110000
"antiquewhiteart",51,69,135,1452,"73","2","15","N/A"
"catholic decor",25,8,32,112920,"100","1","14",590
"textured painting",55,63,115,75996,"100","1","17","N/A"
"lilies",41,52,127,132765,"100","1","6","N/A"
"digital decor",0,0,0,10964132,"","6","13","N/A"
"vintage landscape",12,7,58,422316,"100","5","17","N/A"
"samsung download",0,0,0,98520,"","4","16","N/A"
"instantly download",0,0,0,8337,"","3","18","N/A"
"screensaver",14,14,100,29985,"100","3","11","N/A"
"vintage portrait",4,0,0,283781,"100","3","16","N/A"
"ambient mode",0,0,0,49,"","3","12","N/A"
"colorful quote print",0,0,0,14823,"","3","20","N/A"
"fruits",5,0,0,68387,"100","3","6",450000
"fruit painting",6,1,17,27095,"100","3","14",2400
"vintage",0,0,0,16836528,"","3","7",246000
"rembrant",0,0,0,97,"","3","8","N/A"
"floral screensaver",0,0,0,3038,"","2","18","N/A"
"winter screensaver",1,0,0,2426,"100","2","18","N/A"
"spiritual wall decor",5,1,20,169565,"100","2","20","N/A"
"happy birthday",0,0,0,360719,"","2","14",1000000
"renoir style",0,0,0,368,"","2","12","N/A"
"female portrait",2,0,0,45334,"100","2","15","N/A"
"neutral valentines",0,0,0,285220,"","2","18","N/A"
"birthday event",0,0,0,104751,"","2","14","N/A"
"happy birthday foil",0,0,0,3621,"","2","19","N/A"
"modern minimalist",1,0,0,741267,"100","2","17","N/A"
"golden forest",0,0,0,4433,"","1","13","N/A"
"winter scene",7,1,14,120500,"100","1","12","N/A"
"misty forest",6,1,17,13932,"100","1","12","N/A"
"sea wave decor",0,0,0,24575,"","1","14","N/A"
"sunset lake decor",0,0,0,15041,"","1","17","N/A"
"pine forest artwork",1,0,0,2345,"100","1","19","N/A"
"modern nature print",0,0,0,66073,"","1","19","N/A"
"calming wall decor",0,0,0,125094,"","1","18","N/A"
"dark floral painting",3,0,0,16922,"100","1","20","N/A"
"abstract flowers",7,1,14,244282,"100","1","16",2900
"botanical painting",5,1,20,119225,"100","1","18","N/A"
"snowy town print",0,0,0,4889,"","1","16","N/A"
"winter village",3,0,0,40698,"100","1","14","N/A"
"vintage winter scene",3,0,0,21181,"100","1","20","N/A"
"winter night city",0,0,0,661,"","1","17","N/A"
"winter town painting",1,0,0,2101,"100","1","20","N/A"
"beach oil paintig",0,0,0,0,"","1","17","N/A"
"sand dunes",6,5,83,9462,"100","1","10","N/A"
"southern california",3,0,0,6621,"100","1","19",49500
"birthday party decor",10,1,10,957422,"100","1","20",8100
"girl birthday decor",4,0,0,293265,"100","1","19","N/A"
"pink birthday",0,0,0,1160065,"","1","13","N/A"
"adult birthday decor",2,0,0,56840,"100","1","20","N/A"
"artedya",0,0,0,0,"","1","7","N/A"
"cottage home decor",6,1,17,333942,"100","1","18",720
"still life painting",8,1,13,69971,"100","1","19",8100
"geometric digital",0,0,0,811262,"","1","17","N/A"
"abstract digital",2,0,0,951789,"100","1","16","N/A"
"fruit paintings",3,0,0,25269,"100","1","15","N/A"
"pumpkins",0,0,0,1667572,"","1","8",368000
"thankfulness",1,0,0,178018,"100","1","12","N/A"
"serene river artwork",0,0,0,1026,"","1","20","N/A"
"peaceful rural decor",0,0,0,0,"","1","20","N/A"
"countryside river",0,0,0,2317,"","1","17","N/A"
"river landscape",2,0,0,58172,"100","1","15","N/A"
"classic landscape",1,0,0,30619,"100","1","17","N/A"
"vintage countryside",0,0,0,42680,"","1","19","N/A"
"traditional painting",3,0,0,29999,"100","1","20","N/A"
"dutch architecture",0,0,0,2986,"","1","18","N/A"
"amsterdam canal",1,0,0,2585,"100","1","15","N/A"
"autumn wallpaper",6,1,17,12925,"100","1","16","N/A"
"vintage flower field",0,0,0,18308,"","1","20","N/A"
"botanical landscape",1,0,0,73712,"100","1","19","N/A"
"rustic floral decor",1,0,0,132528,"100","1","19","N/A"
"flowers painting",3,0,0,352790,"100","1","16","N/A"
"dark brown and peach",0,0,0,0,"","1","20","N/A"
"fruit still life",2,0,0,16411,"100","1","16","N/A"
"earthy painting",2,0,0,13743,"100","1","15","N/A"
"minimalist horse",0,0,0,9055,"","1","16","N/A"
"contemporary horse",0,0,0,5045,"","1","18","N/A"
"do more of what",0,0,0,929,"","1","15","N/A"
"makes you happy",1,0,0,8169,"100","1","15","N/A"
"mountain cottage",0,0,0,7907,"","1","16","N/A"
"alpine background",0,0,0,170,"","1","17","N/A"
"van gogh cypresses",0,0,0,890,"","1","18","N/A"
"living room artwork",8,1,13,576254,"100","1","19",9900
"scenic digital print",0,0,0,0,"","1","20","N/A"
"cypress painting",0,0,0,1705,"","1","16","N/A"
"landscape digital",3,0,0,931486,"100","1","17","N/A"
"tropicals",0,0,0,1104504,"","1","9","N/A"
"palm leaves",8,2,25,32212,"100","1","11","N/A"
"minimalist landscape",1,0,0,169675,"100","1","20",480
"abstract coastal",3,0,0,44695,"100","1","16",50
"spring wildflowers",1,0,0,80379,"100","1","18","N/A"
"high resolution",0,0,0,104690,"","1","15","N/A"
"lavender field",3,0,0,6467,"100","1","14","N/A"
"impressionist monet",0,0,0,6821,"","1","19","N/A"
"autumn painting",5,1,20,84676,"100","1","15","N/A"
"autumn landscape",2,0,0,99602,"100","1","16","N/A"
"muted fall landscape",0,0,0,2400,"","1","20","N/A"
"america flag",9,1,11,406035,"100","1","12",673000
"liberty 4th of july",0,0,0,8690,"","1","19","N/A"
"garden painting",6,1,17,75171,"100","1","15",1300
"moody landscape",8,1,13,75397,"100","1","15",320
"heart balloons",0,0,0,16826,"","1","14","N/A"
"romantic decor",4,0,0,232470,"100","1","14",320
"pink and red tones",0,0,0,5751,"","1","18","N/A"
"love theme",0,0,0,89580,"","1","10","N/A"
"whimsical style",0,0,0,64624,"","1","15","N/A"
"modern romantic",0,0,0,22403,"","1","15","N/A"
"jesus and mary",3,0,0,41025,"100","1","14","N/A"
"tvframe",11,0,0,347,"75","1","7","N/A"
"cat wallar t",0,0,0,0,"","1","12","N/A"
"artful fortv",0,0,0,101,"","1","12","N/A"
"tvart",18,0,0,653,"78","1","5","N/A"
"frametv artful",0,0,0,507,"","1","14","N/A"
"spring bunny rabbit",0,0,0,88092,"","1","19","N/A"
"spring magic decor",0,0,0,0,"","1","18","N/A"
"downloadable decor",1,0,0,289500,"100","1","18","N/A"
"classic painting",2,0,0,71574,"100","1","16","N/A"
"famous artwork",0,0,0,15272,"","1","14","N/A"
"party decor download",0,0,0,490384,"","1","20","N/A"
"honeysuckle design",0,0,0,439,"","1","18","N/A"
"beach landscape",6,1,17,198294,"100","1","15","N/A"
"sandy beach",0,0,0,9653,"","1","11","N/A"
"kids birthday",4,1,25,2672500,"100","1","13",0
"birthday balloons",9,5,56,131903,"100","1","17",27100
"birthday animals",3,0,0,718414,"100","1","16",1300
"wheat field",2,0,0,6667,"100","1","11","N/A"
"field photos",0,0,0,0,"","1","12","N/A"
"mason jar bouquet",0,0,0,1898,"","1","17","N/A"
"seasonal screensaver",0,0,0,815,"","1","20","N/A"
"february home decor",0,0,0,12505,"","1","19","N/A"
"red and pink flowers",0,0,0,89722,"","1","20","N/A"
"floral still life",2,0,0,34731,"100","1","17","N/A"
"instant digital",0,0,0,2506472,"","1","15","N/A"
"valentine heart gar",0,0,0,0,"","1","19","N/A"
"romantic wall living",0,0,0,0,"","1","20","N/A"
"rustic cottagecore",0,0,0,114455,"","1","18","N/A"
"tonal painting",0,0,0,6730,"","1","14","N/A"
"vintage abstract",1,0,0,276808,"100","1","16","N/A"
"moody abstract",3,0,0,16474,"100","1","14","N/A"
"beach oil painting",7,1,14,34713,"100","1","18","N/A"
"still life wallpaper",0,0,0,689,"","1","20","N/A"
"olive screensaver",0,0,0,0,"","1","17","N/A"
"do good things",0,0,0,633,"","1","14","N/A"
"earth tones",0,0,0,90319,"","1","11",18100
"catholic church",1,0,0,40892,"100","1","15","N/A"
"landmark",0,0,0,86889,"","1","8","N/A"
"german landmarks",0,0,0,866,"","1","16","N/A"
"modern abstract",3,0,0,609270,"100","1","15","N/A"
"scandinavian style",4,0,0,28580,"100","1","18","N/A"
"floral gold design",0,0,0,42009,"","1","18","N/A"
"seasonal home decor",0,0,0,2481410,"","1","19","N/A"
"contemporary artwork",3,0,0,133484,"100","1","20","N/A"
"golden gate bridge",12,5,42,8853,"100","1","18",450000
"bridge wall decor",0,0,0,49953,"","1","17","N/A"
"wildflower meadow",3,0,0,37996,"100","1","17",1600
"floral oil painting",8,1,13,49866,"100","1","19",1900
"water lily print",3,0,0,7902,"100","1","16",110
"lily pad print",3,0,0,2488,"100","1","14",30
"flower garden print",7,5,71,81730,"100","1","19","N/A"
"minimalist texture",0,0,0,31679,"","1","18","N/A"
"neutral abstract",5,1,20,182985,"100","1","16","N/A"
"scandi japandi",0,0,0,2569,"","1","14","N/A"
"quiet luxury decor",0,0,0,922,"","1","18","N/A"
"artful good shepherd",0,0,0,320,"","1","20","N/A"
"good shepherd sinner",0,0,0,549,"","1","20","N/A"
"bible pray seed lord",0,0,0,813,"","1","20","N/A"
"jesus leaves the 99",2,0,0,3001,"100","1","19","N/A"
"parable lost sheep",0,0,0,1939,"","1","18","N/A"
"bible oil painting",0,0,0,2192,"","1","18","N/A"
"wildlife scenery",0,0,0,23222,"","1","16","N/A"
"seasonal display",0,0,0,27968,"","1","16","N/A"
"christmas decor",0,0,0,5137020,"","1","15",135000
"christmas morning",2,0,0,26235,"100","1","17","N/A"
"fast download",0,0,0,19533,"","1","13","N/A"
"perfect gift idea",0,0,0,71317,"","1","17","N/A"
"holiday best seller",1,0,0,10467,"100","1","19","N/A"
"fall",0,0,0,3016904,"","1","4",301000
"4k download",0,0,0,22829,"","1","11","N/A"
"8k download",0,0,0,2024,"","1","11","N/A"
"scenic painting",3,0,0,23692,"100","1","15","N/A"
"home bar decor",8,1,13,545558,"100","1","14",880
"monet painting",8,1,13,18030,"100","1","14",8100
"ambelside online",0,0,0,0,"","1","16","N/A"
"poppy field",0,0,0,7269,"","1","11","N/A"
"romantic wallpaper",0,0,0,7397,"","1","18","N/A"
"retro girl portrait",0,0,0,0,"","1","19","N/A"
"nora floren",0,0,0,34,"","1","11","N/A"
"liva pakalne fanelli",0,0,0,34,"","1","20","N/A"
"digital for downlond",0,0,0,0,"","1","20","N/A"
"modern abstract home",0,0,0,504825,"","1","20","N/A"
"minimal living room",0,0,0,101079,"","1","19","N/A"
"cozy neutral",0,0,0,703899,"","1","12","N/A"
"textured oil style",0,0,0,1930,"","1","18","N/A"
"calm aesthetic decor",0,0,0,9832,"","1","20","N/A"
"minimalist luxury",0,0,0,37948,"","1","17","N/A"
"vintage baby shower",8,1,13,124245,"100","1","19",0
"luxury baby shower",3,0,0,5912,"100","1","18",0
"neutral baby decor",0,0,0,114922,"","1","18","N/A"
"neutral decor",15,20,133,544753,"100","1","13","N/A"
"beige artwork",1,0,0,90370,"100","1","13","N/A"
"modern design",1,0,0,562861,"100","1","13","N/A"
"home style",0,0,0,1003855,"","1","10","N/A"
"soft tones",0,0,0,33839,"","1","10","N/A"
"elegant look",0,0,0,10991,"","1","12","N/A"
"angel screensaver",0,0,0,0,"","1","17","N/A"
"holiday screensaver",0,0,0,3426,"","1","19","N/A"
"cherub screensaver",0,0,0,0,"","1","18","N/A"
"yarn lover birthday",0,0,0,1876,"","1","19","N/A"
"cat lover birthday",0,0,0,82632,"","1","18","N/A"
"brush strokes",2,0,0,33102,"100","1","13","N/A"
"vintage swan",1,0,0,26488,"100","1","12",390
"heartshaped swan",0,0,0,0,"","1","16","N/A"
"swedding painting",0,0,0,0,"","1","17","N/A"
"antiquewhiteat",0,0,0,0,"","1","14","N/A"
"watercolor abstract",8,1,13,165884,"100","1","19","N/A"
"watercolor poster",3,0,0,201325,"100","1","17",140
"coastal hamptons",0,0,0,4118,"","1","16","N/A"
"matisse printable",3,0,0,15408,"100","1","17","N/A"
"good vibes only",0,0,0,14890,"","1","15","N/A"
"irish wallpaper",5,1,20,382,"94","1","15",590
"for boy blue",0,0,0,373991,"","1","12","N/A"
